document_count,dimension,repetition,cpu_ms,gpu_kernel_ms,transfer_plus_kernel_ms,max_abs_gpu_vs_cpu_float,max_abs_gpu_vs_cpu_double,max_abs_cpu_float_vs_cpu_double
1000,384,1,0.522254,0.145439997,0.522564,2.98023224e-08,1.0058742e-07,1.0058742e-07
1000,384,2,0.520102,0.146464005,0.493903,2.98023224e-08,1.0058742e-07,1.0058742e-07
1000,384,3,0.502297,0.145664006,0.486954,2.98023224e-08,1.0058742e-07,1.0058742e-07
1000,384,4,0.500419,0.145216003,0.491499,2.98023224e-08,1.0058742e-07,1.0058742e-07
1000,384,5,0.889347,0.147359997,0.521731,2.98023224e-08,1.0058742e-07,1.0058742e-07
10000,384,1,5.316624,0.260192007,3.316911,5.21540642e-08,1.37522808e-07,1.37522808e-07
10000,384,2,5.298852,0.25859201,3.252418,5.21540642e-08,1.37522808e-07,1.37522808e-07
10000,384,3,5.380201,0.257503986,3.373967,5.21540642e-08,1.37522808e-07,1.37522808e-07
10000,384,4,5.729181,0.259519994,3.28646,5.21540642e-08,1.37522808e-07,1.37522808e-07
10000,384,5,5.65103,0.259519994,3.304771,5.21540642e-08,1.37522808e-07,1.37522808e-07
100000,384,1,69.791422,2.54316807,43.602079,5.96046448e-08,2.10856548e-07,2.10856548e-07
100000,384,2,59.38933,2.5599041,40.179991,5.96046448e-08,2.10856548e-07,2.10856548e-07
100000,384,3,56.994943,2.55820799,40.47427,5.96046448e-08,2.10856548e-07,2.10856548e-07
100000,384,4,56.888987,2.58380795,38.234542,5.96046448e-08,2.10856548e-07,2.10856548e-07
100000,384,5,53.249719,2.5710721,34.931354,5.96046448e-08,2.10856548e-07,2.10856548e-07
